subject,session,run,task,file_number,has_pupil,has_gaze,has_eyemovie,has_log,empty_log,checked,DO_NOT_USE,no_pupil_data,pupilConf_thresh,Fails_DriftCorr,Pass_DriftCorr,Flag_someBadLevels,notes,FIX_IT?
sub-01,ses-001,run-01,task-mariostars,20220601-172825,TRUE,TRUE,TRUE,TRUE,TRUE,1,,,,,1,,duplicate of run and session,
sub-01,ses-001,run-01,task-mariostars,20220601-174406,TRUE,TRUE,TRUE,TRUE,TRUE,1,,,,,1,,low conf/noisy; duplicate of run and session,
sub-01,ses-001,run-02,task-mariostars,20220601-174406,TRUE,TRUE,TRUE,TRUE,TRUE,1,,,,1,,,low conf/noisy,
sub-01,ses-001,run-01,task-mariostars,20220601-181020,TRUE,TRUE,TRUE,TRUE,TRUE,1,,,,,1,,duplicate of run and session,
sub-01,ses-002,run-01,task-mariostars,20220608-172703,TRUE,TRUE,TRUE,TRUE,TRUE,1,,,,,1,1,"bad first fixation, first level thrown off",
sub-01,ses-002,run-02,task-mariostars,20220608-172703,TRUE,TRUE,TRUE,TRUE,TRUE,1,,,,,1,,,
sub-01,ses-002,run-03,task-mariostars,20220608-172703,TRUE,TRUE,TRUE,TRUE,TRUE,1,,,,,1,,,
sub-01,ses-002,run-04,task-mariostars,20220608-172703,TRUE,TRUE,TRUE,TRUE,TRUE,1,,,,,1,,,
sub-01,ses-003,run-01,task-mariostars,20220615-172741,TRUE,TRUE,TRUE,TRUE,TRUE,1,,,,,1,,,
sub-01,ses-003,run-02,task-mariostars,20220615-172741,TRUE,TRUE,TRUE,TRUE,TRUE,1,,,,,1,,,
sub-01,ses-003,run-03,task-mariostars,20220615-172741,TRUE,TRUE,TRUE,TRUE,TRUE,1,,,,,1,,,
sub-01,ses-003,run-04,task-mariostars,20220615-172741,TRUE,TRUE,TRUE,TRUE,TRUE,1,,,,,1,,,
sub-01,ses-003,run-05,task-mariostars,20220615-172741,TRUE,TRUE,TRUE,TRUE,TRUE,1,,,,,1,,,
sub-01,ses-004,run-01,task-mariostars,20220622-165902,TRUE,TRUE,TRUE,TRUE,TRUE,1,,,,,1,,duplicate of run and session,
sub-01,ses-004,run-02,task-mariostars,20220622-165902,TRUE,TRUE,TRUE,TRUE,TRUE,1,,,,,1,,,
sub-01,ses-004,run-03,task-mariostars,20220622-165902,TRUE,TRUE,TRUE,TRUE,TRUE,1,,,,,1,,,
sub-01,ses-004,run-04,task-mariostars,20220622-165902,TRUE,TRUE,TRUE,TRUE,TRUE,1,,,,,1,,,
sub-01,ses-004,run-01,task-mariostars,20220622-181120,TRUE,TRUE,TRUE,TRUE,TRUE,1,,,,,1,1,duplicate of run and session,
sub-01,ses-005,run-01,task-mariostars,20220629-172043,TRUE,TRUE,TRUE,TRUE,TRUE,1,,,,,1,,,
sub-01,ses-005,run-02,task-mariostars,20220629-172043,TRUE,TRUE,TRUE,TRUE,TRUE,1,,,,,1,,,
sub-01,ses-005,run-03,task-mariostars,20220629-172043,TRUE,TRUE,TRUE,TRUE,TRUE,1,,,,,1,,,
sub-01,ses-006,run-01,task-mariostars,20220706-172751,TRUE,TRUE,TRUE,TRUE,TRUE,1,,,,,1,,,
sub-01,ses-006,run-02,task-mariostars,20220706-172751,TRUE,TRUE,TRUE,TRUE,TRUE,1,,,,,1,,,
sub-01,ses-006,run-03,task-mariostars,20220706-172751,TRUE,TRUE,TRUE,TRUE,TRUE,1,,,,,1,,,
sub-01,ses-006,run-04,task-mariostars,20220706-180949,TRUE,TRUE,TRUE,TRUE,FALSE,1,,,,,1,,,
sub-01,ses-007,run-01,task-mariostars,20220713-170810,TRUE,TRUE,TRUE,TRUE,FALSE,1,,,,,1,,,
sub-01,ses-007,run-02,task-mariostars,20220713-170810,TRUE,TRUE,TRUE,TRUE,FALSE,1,,,,,1,,,
sub-02,ses-001,run-01,task-mariostars,20220518-102238,FALSE,FALSE,FALSE,TRUE,FALSE,1,1,1,,,,,no output,
sub-02,ses-001,run-01,task-mariostars,20220518-104731,TRUE,TRUE,TRUE,TRUE,FALSE,1,1,,,,,,no fixations (old task),
sub-02,ses-001,run-02,task-mariostars,20220518-104731,TRUE,TRUE,TRUE,TRUE,FALSE,1,1,,,,,,no fixations (old task),
sub-02,ses-001,run-03,task-mariostars,20220518-104731,TRUE,TRUE,TRUE,TRUE,FALSE,1,1,,,,,,no fixations (old task),
sub-02,ses-002,run-01,task-mariostars,20220525-104547,TRUE,TRUE,TRUE,TRUE,FALSE,1,,,,,1,,,
sub-02,ses-002,run-02,task-mariostars,20220525-104547,TRUE,TRUE,TRUE,TRUE,FALSE,1,,,,,1,,2 large patches of low conf,
sub-02,ses-002,run-03,task-mariostars,20220525-104547,TRUE,TRUE,TRUE,TRUE,FALSE,1,,,,,1,,a few patches of low conf,
sub-02,ses-002,run-04,task-mariostars,20220525-104547,TRUE,TRUE,TRUE,TRUE,FALSE,1,,,,,1,,patches of low conf,
sub-02,ses-003,run-01,task-mariostars,20220526-160850,TRUE,TRUE,TRUE,TRUE,FALSE,1,,,,,1,,patches of low conf,
sub-02,ses-003,run-02,task-mariostars,20220526-160850,TRUE,TRUE,TRUE,TRUE,FALSE,1,,,0.75,,1,,3 large patches of low conf,
sub-02,ses-003,run-03,task-mariostars,20220526-160850,TRUE,TRUE,TRUE,TRUE,FALSE,1,,,,,1,,2 large patches of low conf,
sub-02,ses-004,run-01,task-mariostars,20220928-111912,TRUE,TRUE,TRUE,TRUE,FALSE,1,,,,,1,,,
sub-02,ses-004,run-02,task-mariostars,20220928-111912,TRUE,TRUE,TRUE,TRUE,FALSE,1,1,,,,,,no timing file,
sub-02,ses-004,run-03,task-mariostars,20220928-111912,TRUE,TRUE,TRUE,TRUE,FALSE,1,1,,,,,,no timing file,
sub-02,ses-005,run-01,task-mariostars,20220929-160848,TRUE,TRUE,TRUE,TRUE,FALSE,1,,,,,1,,,
sub-02,ses-005,run-02,task-mariostars,20220929-160848,TRUE,TRUE,TRUE,TRUE,FALSE,1,,,,,1,,,
sub-02,ses-006,run-01,task-mariostars,20221005-111243,TRUE,TRUE,TRUE,TRUE,FALSE,1,,,,,1,,,
sub-02,ses-006,run-02,task-mariostars,20221005-111243,TRUE,TRUE,TRUE,TRUE,FALSE,1,,,,,1,,,
sub-02,ses-007,run-01,task-mariostars,20221006-161321,TRUE,TRUE,TRUE,TRUE,FALSE,1,,,,,1,,,
sub-02,ses-007,run-02,task-mariostars,20221006-161321,TRUE,TRUE,TRUE,TRUE,FALSE,1,,,,,1,1,2 large patches of low conf,
sub-02,ses-007,run-03,task-mariostars,20221006-161321,TRUE,TRUE,TRUE,TRUE,FALSE,1,,,0.75,,1,,low conf/noisy,
sub-02,ses-008,run-01,task-mariostars,20221013-161006,TRUE,TRUE,TRUE,TRUE,FALSE,1,,,0.75,,1,,,
sub-02,ses-008,run-02,task-mariostars,20221013-161006,TRUE,TRUE,TRUE,TRUE,FALSE,1,,,0.75,,1,,large patches of low conf,
sub-02,ses-008,run-03,task-mariostars,20221013-161006,TRUE,TRUE,TRUE,TRUE,FALSE,1,,,0.75,,1,,patches of low conf,
sub-02,ses-009,run-01,task-mariostars,20221014-144124,TRUE,TRUE,TRUE,TRUE,FALSE,1,,,,,1,,2 small patches of low conf,
sub-02,ses-009,run-02,task-mariostars,20221014-144124,TRUE,TRUE,TRUE,TRUE,FALSE,1,,,0.75,,1,,,
sub-02,ses-010,run-01,task-mariostars,20221019-111110,TRUE,TRUE,TRUE,TRUE,FALSE,1,,,,,1,,,
sub-02,ses-010,run-02,task-mariostars,20221019-111110,TRUE,TRUE,TRUE,TRUE,FALSE,1,,,,,1,,,
sub-02,ses-011,run-01,task-mariostars,20221020-161349,TRUE,TRUE,TRUE,TRUE,FALSE,1,,,,,1,,,
sub-02,ses-011,run-02,task-mariostars,20221020-161349,TRUE,TRUE,TRUE,TRUE,FALSE,1,,,0.75,,1,,low conf/noisy,
sub-02,ses-011,run-03,task-mariostars,20221020-161349,TRUE,TRUE,TRUE,TRUE,FALSE,1,,,0.75,,1,1,low conf/noisy,
sub-02,ses-012,run-01,task-mariostars,20221026-112339,TRUE,TRUE,TRUE,TRUE,FALSE,1,,,,,1,,some patches of low conf,
sub-02,ses-012,run-02,task-mariostars,20221026-112339,TRUE,TRUE,TRUE,TRUE,FALSE,1,,,,,1,,2 patches of low conf,
sub-03,ses-001,run-01,task-mariostars,20220713-130401,TRUE,TRUE,TRUE,TRUE,TRUE,1,,,,,1,,duplicate of run and session,
sub-03,ses-001,run-02,task-mariostars,20220713-130401,TRUE,TRUE,TRUE,TRUE,TRUE,1,,,,,1,,duplicate of run and session,
sub-03,ses-001,run-03,task-mariostars,20220713-130401,TRUE,TRUE,TRUE,TRUE,TRUE,1,,,,,1,,,
sub-03,ses-001,run-01,task-mariostars,20220713-140108,TRUE,TRUE,TRUE,TRUE,TRUE,1,,,,,1,,duplicate of run and session,
sub-03,ses-001,run-02,task-mariostars,20220713-140108,TRUE,TRUE,TRUE,TRUE,TRUE,1,,,,,1,,duplicate of run and session,
sub-03,ses-002,run-01,task-mariostars,20220803-135921,FALSE,FALSE,FALSE,TRUE,FALSE,,1,1,,,,,,
sub-03,ses-002,run-02,task-mariostars,20220803-135921,FALSE,FALSE,FALSE,TRUE,FALSE,,1,1,,,,,,
sub-03,ses-003,run-01,task-mariostars,20220810-140933,TRUE,TRUE,TRUE,TRUE,TRUE,1,,,,,1,,,
sub-03,ses-004,run-01,task-mariostars,20220817-140957,TRUE,TRUE,TRUE,TRUE,FALSE,1,,,,,1,,,
sub-03,ses-005,run-01,task-mariostars,20220824-135531,TRUE,TRUE,TRUE,TRUE,TRUE,1,,,,,1,,,
sub-03,ses-005,run-02,task-mariostars,20220824-140948,TRUE,TRUE,TRUE,TRUE,FALSE,1,,,,,1,,,
sub-03,ses-006,run-01,task-mariostars,20220831-135941,TRUE,TRUE,TRUE,TRUE,FALSE,1,,,,,1,,,
sub-03,ses-006,run-02,task-mariostars,20220831-135941,TRUE,TRUE,TRUE,TRUE,FALSE,1,,,,,1,,,
sub-03,ses-007,run-01,task-mariostars,20220907-135154,TRUE,TRUE,TRUE,TRUE,FALSE,1,,,,,1,,,
sub-03,ses-007,run-02,task-mariostars,20220907-135154,TRUE,TRUE,TRUE,TRUE,FALSE,1,,,,,1,,,
sub-03,ses-008,run-01,task-mariostars,20220914-135210,TRUE,TRUE,TRUE,TRUE,FALSE,1,,,,,1,,,
sub-03,ses-008,run-02,task-mariostars,20220914-135210,TRUE,TRUE,TRUE,TRUE,FALSE,1,,,,,1,,,
sub-03,ses-008,run-03,task-mariostars,20220914-135210,TRUE,TRUE,TRUE,TRUE,FALSE,1,,,,,1,,,
sub-03,ses-009,run-01,task-mariostars,20220921-134718,TRUE,TRUE,TRUE,TRUE,FALSE,1,,,,,1,,,
sub-03,ses-009,run-02,task-mariostars,20220921-134718,TRUE,TRUE,TRUE,TRUE,FALSE,1,,,,,1,,,
sub-03,ses-010,run-01,task-mariostars,20220928-135102,TRUE,TRUE,TRUE,TRUE,TRUE,1,,,0.75,,1,,low conf/noisy,
sub-03,ses-010,run-02,task-mariostars,20220928-135102,TRUE,TRUE,TRUE,TRUE,TRUE,1,,,0.75,,1,,low conf/noisy,
sub-03,ses-010,run-03,task-mariostars,20220928-135102,TRUE,TRUE,TRUE,TRUE,TRUE,1,,,0.75,,1,1,low conf/noisy,
sub-03,ses-011,run-01,task-mariostars,20221005-132811,TRUE,TRUE,TRUE,TRUE,FALSE,1,,,,,1,,,
sub-03,ses-011,run-02,task-mariostars,20221005-132811,TRUE,TRUE,TRUE,TRUE,FALSE,1,,,,,1,,,
sub-03,ses-011,run-03,task-mariostars,20221005-132811,TRUE,TRUE,TRUE,TRUE,FALSE,1,,,,,1,,,
sub-03,ses-011,run-04,task-mariostars,20221005-132811,TRUE,TRUE,TRUE,TRUE,FALSE,1,,,,,1,,,
sub-03,ses-011,run-05,task-mariostars,20221005-132811,TRUE,TRUE,TRUE,TRUE,FALSE,1,,,,,1,,,
sub-03,ses-012,run-01,task-mariostars,20221007-133319,TRUE,TRUE,TRUE,TRUE,FALSE,1,,,,,1,,,
sub-03,ses-012,run-02,task-mariostars,20221007-133319,TRUE,TRUE,TRUE,TRUE,FALSE,1,,,,,1,,,
sub-03,ses-012,run-03,task-mariostars,20221007-133319,TRUE,TRUE,TRUE,TRUE,FALSE,1,,,,,1,,,
sub-03,ses-012,run-04,task-mariostars,20221007-133319,TRUE,TRUE,TRUE,TRUE,FALSE,1,,,,,1,,,
sub-03,ses-012,run-05,task-mariostars,20221007-133319,TRUE,TRUE,TRUE,TRUE,FALSE,1,,,,,1,,,
sub-03,ses-013,run-01,task-mariostars,20221012-134015,TRUE,TRUE,TRUE,TRUE,TRUE,1,,,,,1,,,
sub-03,ses-013,run-02,task-mariostars,20221012-134015,TRUE,TRUE,TRUE,TRUE,TRUE,1,,,,,1,,,
sub-03,ses-013,run-03,task-mariostars,20221012-141355,TRUE,TRUE,TRUE,TRUE,FALSE,1,,,,,1,,,
sub-05,ses-001,run-01,task-mariostars,20230109-172648,TRUE,TRUE,TRUE,TRUE,FALSE,1,,,,,1,,,
sub-05,ses-001,run-02,task-mariostars,20230109-172648,TRUE,TRUE,TRUE,TRUE,FALSE,1,,,,,1,,,
sub-05,ses-001,run-03,task-mariostars,20230109-172648,TRUE,TRUE,TRUE,TRUE,FALSE,1,,,,,1,,,
sub-05,ses-001,run-04,task-mariostars,20230109-172648,TRUE,TRUE,TRUE,TRUE,FALSE,1,,,,,1,,,
sub-05,ses-002,run-01,task-mariostars,20230116-172326,TRUE,TRUE,TRUE,TRUE,FALSE,1,,,,,1,,duplicate of run and session,
sub-05,ses-002,run-02,task-mariostars,20230116-172326,TRUE,TRUE,TRUE,TRUE,FALSE,1,,,,,1,,duplicate of run and session,
sub-05,ses-002,run-01,task-mariostars,20230116-175511,TRUE,TRUE,TRUE,TRUE,FALSE,1,,,,,1,,duplicate of run and session,
sub-05,ses-002,run-02,task-mariostars,20230116-175511,TRUE,TRUE,TRUE,TRUE,FALSE,1,,,,,1,,duplicate of run and session,
sub-05,ses-002,run-03,task-mariostars,20230116-175511,TRUE,TRUE,TRUE,TRUE,FALSE,1,,,,,1,,,
sub-05,ses-002,run-04,task-mariostars,20230116-175511,TRUE,TRUE,TRUE,TRUE,FALSE,1,,,,,1,1,,
sub-05,ses-002,run-05,task-mariostars,20230116-175511,TRUE,TRUE,TRUE,TRUE,FALSE,1,,,,,1,,,
sub-05,ses-002,run-06,task-mariostars,20230116-175511,TRUE,TRUE,TRUE,TRUE,FALSE,1,,,,,1,,,
sub-05,ses-002,run-01,task-mariostars,20230116-191812,TRUE,TRUE,TRUE,TRUE,FALSE,1,,,,,1,,duplicate of run and session,
sub-05,ses-002,run-02,task-mariostars,20230116-191812,TRUE,TRUE,TRUE,TRUE,FALSE,1,,,,,1,,duplicate of run and session,
sub-05,ses-003,run-01,task-mariostars,20230123-172328,TRUE,TRUE,TRUE,TRUE,FALSE,1,,,,,1,1,,
sub-05,ses-003,run-02,task-mariostars,20230123-172328,TRUE,TRUE,TRUE,TRUE,FALSE,1,,,,,1,,,
sub-05,ses-003,run-03,task-mariostars,20230123-180231,TRUE,TRUE,TRUE,TRUE,FALSE,1,,,,,1,,,
sub-05,ses-003,run-04,task-mariostars,20230123-181851,TRUE,TRUE,TRUE,TRUE,FALSE,1,,,,,1,,,
sub-05,ses-003,run-05,task-mariostars,20230123-181851,TRUE,TRUE,TRUE,TRUE,FALSE,1,,,,,1,,,
sub-05,ses-003,run-06,task-mariostars,20230123-184435,TRUE,TRUE,TRUE,TRUE,FALSE,1,,,,,1,,,
sub-05,ses-003,run-07,task-mariostars,20230123-184435,TRUE,TRUE,TRUE,TRUE,FALSE,1,,,,,1,,,
sub-05,ses-003,run-08,task-mariostars,20230123-184435,TRUE,TRUE,TRUE,TRUE,FALSE,1,,,,,1,,,
sub-05,ses-003,run-09,task-mariostars,20230123-193314,TRUE,TRUE,TRUE,TRUE,FALSE,1,,,,,1,,,
sub-05,ses-003,run-10,task-mariostars,20230123-193314,TRUE,TRUE,TRUE,TRUE,FALSE,1,,,,,1,,,
sub-05,ses-004,run-01,task-mariostars,20230130-184548,TRUE,TRUE,TRUE,TRUE,FALSE,1,,,,,1,,,
sub-05,ses-004,run-02,task-mariostars,20230130-184548,TRUE,TRUE,TRUE,TRUE,FALSE,1,,,,,1,,,
sub-05,ses-004,run-03,task-mariostars,20230130-184548,TRUE,TRUE,TRUE,TRUE,FALSE,1,,,,,1,,,
sub-05,ses-004,run-04,task-mariostars,20230130-184548,TRUE,TRUE,TRUE,TRUE,FALSE,1,,,,,1,,,
sub-05,ses-004,run-05,task-mariostars,20230130-184548,TRUE,TRUE,TRUE,TRUE,FALSE,1,,,,,1,,,
sub-05,ses-005,run-01,task-mariostars,20230206-183411,FALSE,FALSE,FALSE,TRUE,FALSE,,1,1,,,,,,
sub-05,ses-005,run-02,task-mariostars,20230206-183411,FALSE,FALSE,FALSE,TRUE,FALSE,,1,1,,,,,,
sub-05,ses-005,run-03,task-mariostars,20230206-183411,FALSE,FALSE,FALSE,TRUE,FALSE,,1,1,,,,,,
sub-05,ses-005,run-04,task-mariostars,20230206-183411,FALSE,FALSE,FALSE,TRUE,FALSE,,1,1,,,,,,
sub-05,ses-005,run-05,task-mariostars,20230206-183411,FALSE,FALSE,FALSE,TRUE,FALSE,,1,1,,,,,,
sub-05,ses-005,run-06,task-mariostars,20230206-183411,FALSE,FALSE,FALSE,TRUE,FALSE,,1,1,,,,,,
sub-05,ses-005,run-06,task-mariostars,20230206-193959,FALSE,FALSE,FALSE,TRUE,FALSE,,1,1,,,,,,
sub-05,ses-006,run-01,task-mariostars,20230213-174041,TRUE,TRUE,TRUE,TRUE,FALSE,1,,,,,1,,,
sub-05,ses-006,run-02,task-mariostars,20230213-174041,TRUE,TRUE,TRUE,TRUE,FALSE,1,,,,,1,,,
sub-05,ses-006,run-03,task-mariostars,20230213-174041,TRUE,TRUE,TRUE,TRUE,FALSE,1,1,,,,,,gap of missing pupils: camera freeze?,
sub-05,ses-006,run-04,task-mariostars,20230213-174041,TRUE,TRUE,TRUE,TRUE,FALSE,1,,,,,1,1,,
sub-05,ses-006,run-05,task-mariostars,20230213-174041,TRUE,TRUE,TRUE,TRUE,FALSE,1,1,,,,,,Smallish gap of missing pupils: camera freeze?,
sub-05,ses-006,run-06,task-mariostars,20230213-174041,TRUE,TRUE,TRUE,TRUE,FALSE,1,,,,,1,,,
sub-06,ses-001,run-01,task-mariostars,20220601-152940,TRUE,TRUE,FALSE,TRUE,TRUE,1,1,1,,,,,,
sub-06,ses-001,run-02,task-mariostars,20220601-152940,TRUE,TRUE,FALSE,TRUE,TRUE,1,1,1,,,,,,
sub-06,ses-001,run-03,task-mariostars,20220601-152940,TRUE,TRUE,FALSE,TRUE,TRUE,1,1,1,,,,,,
sub-06,ses-001,run-01,task-mariostars,20220601-161343,TRUE,TRUE,FALSE,TRUE,TRUE,1,1,1,,,,,,
sub-06,ses-002,run-01,task-mariostars,20220622-153535,TRUE,TRUE,TRUE,TRUE,FALSE,1,,,,,1,1,Drops in y: head motion,
sub-06,ses-002,run-02,task-mariostars,20220622-153535,TRUE,TRUE,TRUE,TRUE,FALSE,1,,,,,1,,,
sub-06,ses-002,run-03,task-mariostars,20220622-153535,TRUE,TRUE,TRUE,TRUE,FALSE,1,,,,,1,,,
sub-06,ses-003,run-01,task-mariostars,20220629-151938,TRUE,TRUE,TRUE,TRUE,TRUE,1,,,,,1,,,
sub-06,ses-003,run-02,task-mariostars,20220629-151938,TRUE,TRUE,TRUE,TRUE,TRUE,1,,,,,1,,,
sub-06,ses-003,run-03,task-mariostars,20220629-151938,TRUE,TRUE,TRUE,TRUE,TRUE,1,,,,,1,,,
sub-06,ses-003,run-04,task-mariostars,20220629-151938,TRUE,TRUE,TRUE,TRUE,TRUE,1,,,,,1,1,important drift in y,
sub-06,ses-004,run-01,task-mariostars,20220713-152455,TRUE,TRUE,TRUE,TRUE,FALSE,1,,,,,1,,,
sub-06,ses-004,run-02,task-mariostars,20220713-152455,TRUE,TRUE,TRUE,TRUE,FALSE,1,,,,,1,,,
sub-06,ses-004,run-03,task-mariostars,20220713-152455,TRUE,TRUE,TRUE,TRUE,FALSE,1,,,,,1,,,
sub-06,ses-004,run-04,task-mariostars,20220713-152455,TRUE,TRUE,TRUE,TRUE,FALSE,1,,,,,1,1,small patch of low conf,
sub-06,ses-005,run-01,task-mariostars,20220720-145808,TRUE,TRUE,TRUE,TRUE,TRUE,1,,,,,1,,duplicate of run and session,
sub-06,ses-005,run-02,task-mariostars,20220720-145808,TRUE,TRUE,TRUE,TRUE,TRUE,1,,,,,1,,,
sub-06,ses-005,run-03,task-mariostars,20220720-145808,TRUE,TRUE,TRUE,TRUE,TRUE,1,,,,,1,,,
sub-06,ses-005,run-04,task-mariostars,20220720-145808,TRUE,TRUE,TRUE,TRUE,TRUE,1,,,,,1,,,
sub-06,ses-005,run-01,task-mariostars,20220720-161436,TRUE,TRUE,TRUE,TRUE,TRUE,1,,,,,1,,duplicate of run and session,
sub-06,ses-007,run-01,task-mariostars,20220803-151913,FALSE,FALSE,FALSE,TRUE,FALSE,,1,1,,,,,,
sub-06,ses-007,run-02,task-mariostars,20220803-153240,TRUE,TRUE,TRUE,TRUE,FALSE,,1,1,,,,,,
sub-06,ses-007,run-03,task-mariostars,20220803-153240,TRUE,TRUE,TRUE,TRUE,FALSE,,1,1,,,,,,
sub-06,ses-007,run-04,task-mariostars,20220803-153240,TRUE,TRUE,TRUE,TRUE,FALSE,,1,1,,,,,,
sub-06,ses-009,run-01,task-mariostars,20220817-154622,TRUE,TRUE,TRUE,TRUE,TRUE,1,,,,,1,,,
sub-06,ses-009,run-02,task-mariostars,20220817-160235,TRUE,TRUE,TRUE,TRUE,FALSE,1,,,,,1,,,
sub-06,ses-010,run-01,task-mariostars,20220824-153706,TRUE,TRUE,TRUE,TRUE,FALSE,1,,,,,1,,,
sub-06,ses-010,run-02,task-mariostars,20220824-153706,TRUE,TRUE,TRUE,TRUE,FALSE,1,1,,,,,,"VERY messy, gaze distortion",
sub-06,ses-010,run-03,task-mariostars,20220824-153706,TRUE,TRUE,TRUE,TRUE,FALSE,1,,,,,1,,,
sub-06,ses-011,run-01,task-mariostars,20220902-111621,TRUE,TRUE,TRUE,TRUE,FALSE,1,,,,,1,,,
sub-06,ses-011,run-02,task-mariostars,20220902-111621,TRUE,TRUE,TRUE,TRUE,FALSE,1,,,,,1,,,
sub-06,ses-011,run-03,task-mariostars,20220902-111621,TRUE,TRUE,TRUE,TRUE,FALSE,1,,,,,1,1,,
sub-06,ses-012,run-01,task-mariostars,20220907-151630,TRUE,TRUE,TRUE,TRUE,TRUE,1,,,,,1,,,
sub-06,ses-012,run-02,task-mariostars,20220907-151630,TRUE,TRUE,TRUE,TRUE,TRUE,1,,,,,1,1,small patch of low conf,
sub-06,ses-012,run-02,task-mariostars,20220907-155628,TRUE,TRUE,TRUE,TRUE,TRUE,1,,,,,1,,,
sub-06,ses-012,run-04,task-mariostars,20220907-161049,TRUE,TRUE,TRUE,TRUE,FALSE,1,,,,,1,,,
sub-06,ses-013,run-01,task-mariostars,20220909-154634,TRUE,TRUE,TRUE,TRUE,FALSE,1,,,,,1,,,
sub-06,ses-013,run-02,task-mariostars,20220909-154634,TRUE,TRUE,TRUE,TRUE,FALSE,1,,,,,1,,,
sub-06,ses-013,run-03,task-mariostars,20220909-154634,TRUE,TRUE,TRUE,TRUE,FALSE,1,,,,,1,,,
sub-06,ses-013,run-04,task-mariostars,20220909-154634,TRUE,TRUE,TRUE,TRUE,FALSE,1,,,,,1,,,
sub-06,ses-014,run-01,task-mariostars,20220914-154800,TRUE,TRUE,TRUE,TRUE,FALSE,1,,,,,1,,,
sub-06,ses-014,run-02,task-mariostars,20220914-160848,TRUE,TRUE,TRUE,TRUE,FALSE,1,,,,,1,,some noticeable drift in y,
sub-06,ses-015,run-01,task-mariostars,20220916-153740,TRUE,TRUE,TRUE,TRUE,FALSE,1,,,,,1,,,
sub-06,ses-015,run-02,task-mariostars,20220916-153740,TRUE,TRUE,TRUE,TRUE,FALSE,1,,,,,1,,,
sub-06,ses-015,run-03,task-mariostars,20220916-153740,TRUE,TRUE,TRUE,TRUE,FALSE,1,,,,,1,,sudden shift in y during long level,
sub-06,ses-015,run-04,task-mariostars,20220916-153740,TRUE,TRUE,TRUE,TRUE,FALSE,1,,,,,1,1,,